find author by nationality, 2024-05-13 20:55:17
find author by nationality, 2024-05-13 20:56:43
Authors searched by nationality, 2024-05-13 22:59:36
Authors searched by nationality, 2024-05-13 23:05:54
Authors searched by nationality, 2024-05-13 23:06:13
Authors searched by nationality, 2024-05-13 23:07:23
Authors searched by nationality, 2024-05-14 13:06:15
Authors searched by nationality, 2024-05-14 15:11:41
Authors searched by nationality, 2024-05-14 15:12:26
Authors searched by nationality, 2024-05-14 15:19:15
Authors searched by nationality, 2024-05-14 15:21:07
Authors searched by nationality, 2024-05-14 15:21:40
Authors searched by nationality, 2024-05-14 15:23:13
Authors searched by nationality, 2024-05-14 15:23:29
Authors searched by nationality, 2024-05-14 15:23:47
Authors searched by nationality, 2024-05-14 15:28:32
Authors searched by nationality, 2024-05-14 15:30:46
Authors searched by nationality, 2024-05-14 15:33:28
Authors searched by nationality, 2024-05-14 15:38:17
Authors searched by nationality, 2024-05-14 15:42:58
Authors searched by nationality, 2024-05-14 15:44:22
Authors searched by nationality, 2024-05-14 15:45:55
Authors searched by nationality, 2024-05-14 15:52:04
Authors searched by nationality, 2024-05-14 15:54:36
Authors searched by nationality, 2024-05-14 15:55:19
Author updated, 2024-05-14 16:32:07
Author deleted, 2024-05-14 16:32:15
Authors searched by nationality, 2024-05-14 16:42:09
Authors searched by nationality, 2024-05-14 16:42:40
Authors searched by nationality, 2024-05-14 16:42:53
Authors searched by nationality, 2024-05-14 16:44:36
Authors searched by nationality, 2024-05-14 16:49:04
Authors searched by nationality, 2024-05-14 16:49:34
Author updated, 2024-05-14 16:51:00
Author updated, 2024-05-14 16:52:43
Author updated, 2024-05-14 17:08:09
Author updated, 2024-05-14 17:11:38
Author updated, 2024-05-14 17:20:11
Authors searched by nationality, 2024-05-14 17:21:38
Author added, 2024-05-14 17:31:08
Author added., 2024-05-14 17:40:05
Author added., 2024-05-14 21:46:25
Author updated, 2024-05-14 21:52:08
Author updated, 2024-05-14 21:53:31
Author updated, 2024-05-14 22:00:41
Author updated, 2024-05-14 22:02:13
